{"cameraMode":{"drawMode":0,"name":"Shaded","section":"Shading Mode"},"sceneLighting":true,"audioPlay":false,"sceneViewState":{"showFog":true,"showMaterialUpdate":false,"showSkybox":true,"showFlares":true,"showImageEffects":true,"showParticleSystems":true,"showVisualEffectGraphs":true,"m_FxEnabled":true},"in2DMode":false,"pivot":{"x":-0.6744542121887207,"y":8.240228652954102,"z":19.389488220214845},"rotation":{"x":0.026756415143609048,"y":-0.7000129818916321,"z":0.026261955499649049,"w":0.713151216506958},"size":32.14292526245117,"orthographic":false}